<?xml version="1.0" encoding="UTF-8"?>
<!DOCTYPE mapper PUBLIC "-//mybatis.org//DTD Mapper 3.0//EN" "http://mybatis.org/dtd/mybatis-3-mapper.dtd">
<mapper namespace="com.chegy.hrserverplus.mapper.DepartmentMapper">

    <!-- 通用查询映射结果 -->
    <resultMap id="BaseResultMap" type="com.chegy.hrserverplus.entity.Department">
        <id property="id" column="id"/>
        <result column="name" property="name"/>
        <result column="parentId" property="parentId"/>
        <result column="isParent" property="isParent"/>
        <collection property="children" ofType="com.chegy.hrserverplus.entity.Department" select="com.chegy.hrserverplus.mapper.DepartmentMapper.getDepByPid" column="id">
        </collection>
    </resultMap>

</mapper>
