<?xml version="1.0" encoding="UTF-8"?>
<!DOCTYPE mapper PUBLIC "-//mybatis.org//DTD Mapper 3.0//EN" "http://mybatis.org/dtd/mybatis-3-mapper.dtd">
<mapper namespace="com.chegy.hrserverplus.mapper.EmployeeMapper">

    <!-- 通用查询映射结果 -->
    <resultMap id="BaseResultMap" type="com.chegy.hrserverplus.entity.Employee">
        <id column="id" property="id"/>
        <result column="name" property="name"/>
        <result column="gender" property="gender"/>
        <result column="birthday" property="birthday"/>
        <result column="idCard" property="idCard"/>
        <result column="wedlock" property="wedlock"/>
        <result column="nationId" property="nationId"/>
        <result column="nativePlace" property="nativePlace"/>
        <result column="politicId" property="politicId"/>
        <result column="email" property="email"/>
        <result column="phone" property="phone"/>
        <result column="address" property="address"/>
        <result column="departmentId" property="departmentId"/>
        <result column="jobLevelId" property="jobLevelId"/>
        <result column="posId" property="posId"/>
        <result column="engageForm" property="engageForm"/>
        <result column="tiptopDegree" property="tiptopDegree"/>
        <result column="specialty" property="specialty"/>
        <result column="school" property="school"/>
        <result column="beginDate" property="beginDate"/>
        <result column="workState" property="workState"/>
        <result column="workID" property="workID"/>
        <result column="contractTerm" property="contractTerm"/>
        <result column="conversionTime" property="conversionTime"/>
        <result column="notWorkDate" property="notWorkDate"/>
        <result column="beginContract" property="beginContract"/>
        <result column="endContract" property="endContract"/>
        <result column="workAge" property="workAge"/>
        <association property="department" javaType="com.chegy.hrserverplus.entity.Department">
            <id property="id" column="did"/>
            <result property="name" column="dname"/>
        </association>
        <association property="joblevel" javaType="com.chegy.hrserverplus.entity.Joblevel">
            <id property="id" column="jlid"/>
            <result property="name" column="jlname"/>
            <result property="titleLevel" column="jlTitleLevel"/>
        </association>
        <association property="nation" javaType="com.chegy.hrserverplus.entity.Nation">
            <id property="id" column="nid"/>
            <result property="name" column="nname"/>
        </association>
        <association property="position" javaType="com.chegy.hrserverplus.entity.Position">
            <id property="id" column="pid"/>
            <result property="name" column="pname"/>
        </association>
        <association property="politicsStatus" javaType="com.chegy.hrserverplus.entity.PoliticsStatus">
            <id property="id" column="psid"/>
            <result property="name" column="psname"/>
        </association>
        <association property="salary" javaType="com.chegy.hrserverplus.entity.Salary">
            <id column="sid" jdbcType="INTEGER" property="id" />
            <result column="bonus" jdbcType="INTEGER" property="bonus" />
            <result column="lunchSalary" jdbcType="INTEGER" property="lunchSalary" />
            <result column="trafficSalary" jdbcType="INTEGER" property="trafficSalary" />
            <result column="basicSalary" jdbcType="INTEGER" property="basicSalary" />
            <result column="allSalary" jdbcType="INTEGER" property="allSalary" />
            <result column="pensionBase" jdbcType="INTEGER" property="pensionBase" />
            <result column="pensionPer" jdbcType="REAL" property="pensionPer" />
            <result column="createDate" jdbcType="TIMESTAMP" property="createDate" />
            <result column="medicalBase" jdbcType="INTEGER" property="medicalBase" />
            <result column="medicalPer" jdbcType="REAL" property="medicalPer" />
            <result column="accumulationFundBase" jdbcType="INTEGER" property="accumulationFundBase" />
            <result column="accumulationFundPer" jdbcType="REAL" property="accumulationFundPer" />
            <result column="sname" jdbcType="VARCHAR" property="name" />
        </association>
    </resultMap>

    <select id="getEmployeeByPage" resultMap="BaseResultMap">
        select e.*,jl.`id` as jlid,jl.`name` as jlname,jl.`titleLevel` as jlTitleLevel,d.`id` as did,d.`name` as
        dname,n.`id` as nid,n.`name` as nname,p.`id` as pid,p.`name` as pname,ps.`id` as psid,ps.`name` as psname
        from
        employee e
        left join joblevel jl on e.`jobLevelId`=jl.`id`
        left join department d on e.`departmentId`=d.id
        left join nation n on e.`nationId`=n.`id`
        left join `position` p on e.`posId`=p.`id`
        left join politicsstatus ps on e.`politicId`=ps.`id`
        ${ew.customSqlSegment}

    </select>

</mapper>
